Video Title,Views (Billions)
"""Baby Shark Dance"" - Pinkfong Kids' Songs & Stories",15.47
"""Despacito""- Luis Fonsi featuring Daddy Yankee",8.63
"""Johny Johny Yes Papa"" - LooLoo Kids",6.99
"""Bath Song"" - Cocomelon - Nursery Rhymes",6.96
"""Wheels on the Bus"" - Cocomelon â€“ Nursery Rhymes",6.95
"See You Again"" - Wiz Khalifa featuring Charlie Puth",6.52
"""Shape of You"" - Ed Sheeran""",6.39
"""Phonics Song with Two Words"" - ChuChu TV",6.21
"""Uptown Funk"" - Mark Ronson featuring Bruno Mars",5.44
"""Gangnam Style"" -PSY",5.41
